[
  {
    "name": "dribbble",
    "url": "https://www.dribbble.com",
    "icon": "dribbble"
  },
  {
    "name": "behance",
    "url": "https://www.behance.com",
    "icon": "behance-square"
  },
  {
    "name": "linkedin",
    "url": "https://www.linkin.com",
    "icon": "linkedin-square"
  },
  {
    "name": "twitter",
    "url": "https://www.twitter.com/",
    "icon": "twitter-square"
  },
  {
    "name": "facebook",
    "url": "https://www.facebook.com.tw/",
    "icon": "facebook-square"
  },
  {
    "name": "website",
    "url": "www.uccu.tw",
    "icon": "home"
  }
]
